,distrito,ano,quarter,precio
0,Arganzuela,2007,2,13.066587295316602
1,Barajas,2007,2,11.1998547051696
2,Carabanchel,2007,2,11.127661322858
3,Centro,2007,2,17.746403807955197
4,Chamartín,2007,2,14.386479507498
5,Chamberí,2007,2,14.9796763438228
6,Ciudad Lineal,2007,2,12.596625169730698
7,Fuencarral,2007,2,10.164143328771
8,Hortaleza,2007,2,12.520534723299802
9,Latina,2007,2,11.025232513469998
10,Moncloa,2007,2,13.2415454859411
11,Moratalaz,2007,2,11.4986112209726
12,Puente De Vallecas,2007,2,11.6913758326212
13,Retiro,2007,2,13.7475220210882
14,Salamanca,2007,2,15.4751580447348
15,San Blas,2007,2,11.834773793299101
16,Tetuan,2007,2,12.4282313701254
17,Usera,2007,2,11.0142351276564
18,Vicálvaro,2007,2,9.59265102936488
19,Villa De Vallecas,2007,2,10.3157168881887
20,Villaverde,2007,2,10.303981204047698
21,Arganzuela,2007,4,13.999737283699
22,Barajas,2007,4,11.958241567552301
23,Carabanchel,2007,4,12.1600929262779
24,Centro,2007,4,18.0445935367462
25,Chamartín,2007,4,14.683946699560199
26,Chamberí,2007,4,16.0982213435844
27,Ciudad Lineal,2007,4,12.9384749146432
28,Fuencarral,2007,4,10.9379667886466
29,Hortaleza,2007,4,12.9064039775179
30,Latina,2007,4,11.6550670081984
31,Moncloa,2007,4,13.3590922532967
32,Moratalaz,2007,4,11.1178938769261
33,Puente De Vallecas,2007,4,12.2052788634833
34,Retiro,2007,4,14.021947830935302
35,Salamanca,2007,4,16.6115172882065
36,San Blas,2007,4,12.656346724088301
37,Tetuan,2007,4,12.767415536675198
38,Usera,2007,4,11.9071230758154
39,Vicálvaro,2007,4,10.3385908633002
40,Villa De Vallecas,2007,4,11.2820859687619
41,Villaverde,2007,4,10.92044583
42,Arganzuela,2008,2,13.567225207443599
43,Barajas,2008,2,12.073821652775301
44,Carabanchel,2008,2,11.930967493855698
45,Centro,2008,2,17.6186080820587
46,Chamartín,2008,2,14.8189432621271
47,Chamberí,2008,2,16.2554053732529
48,Ciudad Lineal,2008,2,13.294498861046801
49,Fuencarral,2008,2,11.8898784425475
50,Hortaleza,2008,2,13.1458938605389
51,Latina,2008,2,11.909451421028399
52,Moncloa,2008,2,14.1117018615716
53,Moratalaz,2008,2,11.9256846354193
54,Puente De Vallecas,2008,2,12.418159988491
55,Retiro,2008,2,14.2405585097576
56,Salamanca,2008,2,16.881579566499802
57,San Blas,2008,2,12.987816174770401
58,Tetuan,2008,2,13.0983695956028
59,Usera,2008,2,12.4188464469082
60,Vicálvaro,2008,2,10.850731110889699
61,Villa De Vallecas,2008,2,11.0872054976704
62,Villaverde,2008,2,11.2348412754786
63,Arganzuela,2008,4,13.1939529452426
64,Barajas,2008,4,11.6060721463097
65,Carabanchel,2008,4,11.206274852277101
66,Centro,2008,4,16.858053257362098
67,Chamartín,2008,4,14.689011130480099
68,Chamberí,2008,4,15.4204791446198
69,Ciudad Lineal,2008,4,12.579610980576902
70,Fuencarral,2008,4,11.373405565281
71,Hortaleza,2008,4,12.6356479528587
72,Latina,2008,4,11.341511624256801
73,Moncloa,2008,4,14.239573622997401
74,Moratalaz,2008,4,10.9662988422213
75,Puente De Vallecas,2008,4,11.816305066900199
76,Retiro,2008,4,13.974289729751598
77,Salamanca,2008,4,16.324123988539903
78,San Blas,2008,4,11.9402305675913
79,Tetuan,2008,4,12.813803065722102
80,Usera,2008,4,11.6512189243261
81,Vicálvaro,2008,4,10.7555364974229
82,Villa De Vallecas,2008,4,10.689681622519199
83,Villaverde,2008,4,10.6284438581828
84,Arganzuela,2009,2,12.710960156608
85,Barajas,2009,2,11.024641948959598
86,Carabanchel,2009,2,10.632991805361499
87,Centro,2009,2,15.7887133312236
88,Chamartín,2009,2,14.0201817145535
89,Chamberí,2009,2,15.137246131891198
90,Ciudad Lineal,2009,2,11.744553923160998
91,Fuencarral,2009,2,10.9309408226494
92,Hortaleza,2009,2,12.1973385555591
93,Latina,2009,2,10.599106011922599
94,Moncloa,2009,2,13.577953948534
95,Moratalaz,2009,2,10.229013820054
96,Puente De Vallecas,2009,2,11.021227573665
97,Retiro,2009,2,13.0196473019734
98,Salamanca,2009,2,15.4014666124965
99,San Blas,2009,2,11.1207119842053
100,Tetuan,2009,2,12.2871871477106
101,Usera,2009,2,10.786221358578
102,Vicálvaro,2009,2,10.2440452096245
103,Villa De Vallecas,2009,2,10.1059481633004
104,Villaverde,2009,2,10.0379982580426
105,Arganzuela,2009,4,12.728870626135
106,Barajas,2009,4,10.821895319363401
107,Carabanchel,2009,4,10.584125886220699
108,Centro,2009,4,15.610660098105301
109,Chamartín,2009,4,13.873323694312301
110,Chamberí,2009,4,14.462549771935
111,Ciudad Lineal,2009,4,11.6381054385784
112,Fuencarral,2009,4,10.6650630371508
113,Hortaleza,2009,4,12.0716277714795
114,Latina,2009,4,10.2223198932696
115,Moncloa,2009,4,13.3874510592359
116,Moratalaz,2009,4,10.195758075054599
117,Puente De Vallecas,2009,4,10.5456411769636
118,Retiro,2009,4,12.347776844279402
119,Salamanca,2009,4,14.9411563260196
120,San Blas,2009,4,10.842980301405198
121,Tetuan,2009,4,12.0577739811559
122,Usera,2009,4,10.170432581212
123,Vicálvaro,2009,4,10.184910178004401
124,Villa De Vallecas,2009,4,10.0937524967345
125,Villaverde,2009,4,9.76476893266566
126,Arganzuela,2010,1,12.659879764109002
127,Barajas,2010,1,10.763240320913999
128,Carabanchel,2010,1,10.526759605257599
129,Centro,2010,1,15.526049850378302
130,Chamartín,2010,1,13.798129862200401
131,Chamberí,2010,1,14.384162316742401
132,Ciudad Lineal,2010,1,11.575026556709002
133,Fuencarral,2010,1,10.6072580743929
134,Hortaleza,2010,1,12.0061991855136
135,Latina,2010,1,10.1669146116813
136,Moncloa,2010,1,13.3148906714344
137,Moratalaz,2010,1,10.1404967593208
138,Puente De Vallecas,2010,1,10.488483484283401
139,Retiro,2010,1,12.280851522024902
140,Salamanca,2010,1,14.8601748088942
141,San Blas,2010,1,10.7842110217184
142,Tetuan,2010,1,11.992420483150699
143,Usera,2010,1,10.115308530417199
144,Vicálvaro,2010,1,10.1297076581992
145,Villa De Vallecas,2010,1,10.0390440543063
146,Villaverde,2010,1,9.7118435910595
147,Arganzuela,2010,2,12.2787464399848
148,Barajas,2010,2,10.873949378894801
149,Carabanchel,2010,2,10.547752198676
150,Centro,2010,2,15.221489741898301
151,Chamartín,2010,2,13.6041598023892
152,Chamberí,2010,2,14.3946415334709
153,Ciudad Lineal,2010,2,11.669219922379101
154,Fuencarral,2010,2,10.742066769012698
155,Hortaleza,2010,2,11.843673890033902
156,Latina,2010,2,10.170713846429
157,Moncloa,2010,2,13.3489952215321
158,Moratalaz,2010,2,10.0766777212009
159,Puente De Vallecas,2010,2,10.6742365185878
160,Retiro,2010,2,12.153666720581601
161,Salamanca,2010,2,14.9859010560873
162,San Blas,2010,2,10.7495084928282
163,Tetuan,2010,2,11.6563669936923
164,Usera,2010,2,10.234853844243501
165,Vicálvaro,2010,2,9.828401918617839
166,Villa De Vallecas,2010,2,9.92218693873533
167,Villaverde,2010,2,9.5980187524935
168,Arganzuela,2010,3,12.0281457225122
169,Barajas,2010,3,10.7105982727876
170,Carabanchel,2010,3,10.2967348943035
171,Centro,2010,3,15.159736966351302
172,Chamartín,2010,3,13.634969667980302
173,Chamberí,2010,3,14.3971399258511
174,Ciudad Lineal,2010,3,11.4066868739799
175,Fuencarral,2010,3,10.669266133162099
176,Hortaleza,2010,3,11.7714561347479
177,Latina,2010,3,10.0861458144837
178,Moncloa,2010,3,13.289881916854998
179,Moratalaz,2010,3,9.88310227671549
180,Puente De Vallecas,2010,3,10.5775073391931
181,Retiro,2010,3,12.273965526335198
182,Salamanca,2010,3,14.694490867269302
183,San Blas,2010,3,10.872818740999598
184,Tetuan,2010,3,11.679768038488701
185,Usera,2010,3,10.3884303344521
186,Vicálvaro,2010,3,9.609738918749711
187,Villa De Vallecas,2010,3,9.651933257162199
188,Villaverde,2010,3,9.422873745251689
189,Arganzuela,2010,4,12.143122640144
190,Barajas,2010,4,10.757380274734098
191,Carabanchel,2010,4,10.364327019259301
192,Centro,2010,4,15.5646136338934
193,Chamartín,2010,4,13.6679113698069
194,Chamberí,2010,4,14.172531051294598
195,Ciudad Lineal,2010,4,11.157004189293598
196,Fuencarral,2010,4,10.566967694990801
197,Hortaleza,2010,4,11.6835282737539
198,Latina,2010,4,10.0578151967101
199,Moncloa,2010,4,13.014394589663
200,Moratalaz,2010,4,9.90141368016522
201,Puente De Vallecas,2010,4,10.5577343042319
202,Retiro,2010,4,12.3666622203071
203,Salamanca,2010,4,14.4505088716605
204,San Blas,2010,4,10.7948226161754
205,Tetuan,2010,4,11.846739053591001
206,Usera,2010,4,10.4130572408664
207,Vicálvaro,2010,4,9.27925387566733
208,Villa De Vallecas,2010,4,9.64135828386377
209,Villaverde,2010,4,9.750105280308711
210,Arganzuela,2011,1,12.064769006538201
211,Barajas,2011,1,11.243914270050599
212,Carabanchel,2011,1,10.341559158974599
213,Centro,2011,1,15.078333464286098
214,Chamartín,2011,1,13.398122410146401
215,Chamberí,2011,1,14.1334893735953
216,Ciudad Lineal,2011,1,11.2766455004542
217,Fuencarral,2011,1,10.6425907983931
218,Hortaleza,2011,1,11.6963270107181
219,Latina,2011,1,9.83068307551164
220,Moncloa,2011,1,12.8180782604216
221,Moratalaz,2011,1,9.8323634419681
222,Puente De Vallecas,2011,1,10.6153455625195
223,Retiro,2011,1,12.710413825347302
224,Salamanca,2011,1,14.9369746932355
225,San Blas,2011,1,10.8301254820186
226,Tetuan,2011,1,11.7012061491781
227,Usera,2011,1,10.1582740082758
228,Vicálvaro,2011,1,9.537121091552631
229,Villa De Vallecas,2011,1,9.87036064061823
230,Villaverde,2011,1,9.492249158744029
231,Arganzuela,2011,2,12.1218809177668
232,Barajas,2011,2,11.1063805551633
233,Carabanchel,2011,2,10.1445161729597
234,Centro,2011,2,14.9270333315522
235,Chamartín,2011,2,13.535141061463499
236,Chamberí,2011,2,14.0995832293583
237,Ciudad Lineal,2011,2,11.5807590535267
238,Fuencarral,2011,2,10.851892422173801
239,Hortaleza,2011,2,11.871892345203301
240,Latina,2011,2,9.96303153181491
241,Moncloa,2011,2,13.151611728630801
242,Moratalaz,2011,2,9.54428911399073
243,Puente De Vallecas,2011,2,10.370114150108401
244,Retiro,2011,2,12.9087698348843
245,Salamanca,2011,2,14.8404090943709
246,San Blas,2011,2,10.8579858160179
247,Tetuan,2011,2,11.5544343172502
248,Usera,2011,2,9.96297497470866
249,Vicálvaro,2011,2,9.414781599506439
250,Villa De Vallecas,2011,2,9.55866007781277
251,Villaverde,2011,2,9.14956907603677
252,Arganzuela,2011,3,11.840394382153098
253,Barajas,2011,3,10.841084430822
254,Carabanchel,2011,3,9.92400756516392
255,Centro,2011,3,15.0182461190269
256,Chamartín,2011,3,13.5549985525866
257,Chamberí,2011,3,14.1395277999491
258,Ciudad Lineal,2011,3,11.451993298508802
259,Fuencarral,2011,3,10.9105605788011
260,Hortaleza,2011,3,12.014889088783699
261,Latina,2011,3,9.83145372214168
262,Moncloa,2011,3,13.2575129417197
263,Moratalaz,2011,3,9.425922086715179
264,Puente De Vallecas,2011,3,10.1766519814134
265,Retiro,2011,3,12.4782756229157
266,Salamanca,2011,3,14.802331910813802
267,San Blas,2011,3,10.8060637831965
268,Tetuan,2011,3,11.573554076718302
269,Usera,2011,3,10.100800625933699
270,Vicálvaro,2011,3,9.14818952477611
271,Villa De Vallecas,2011,3,9.67340368078341
272,Villaverde,2011,3,9.11272749989362
273,Arganzuela,2011,4,11.6579500383903
274,Barajas,2011,4,11.1379012835565
275,Carabanchel,2011,4,10.0723855685609
276,Centro,2011,4,15.013364378875501
277,Chamartín,2011,4,13.618448454258198
278,Chamberí,2011,4,13.9474161190311
279,Ciudad Lineal,2011,4,11.353777525757199
280,Fuencarral,2011,4,10.686992520328198
281,Hortaleza,2011,4,11.953632362222901
282,Latina,2011,4,9.81157695446492
283,Moncloa,2011,4,13.026903576919999
284,Moratalaz,2011,4,9.49158567264086
285,Puente De Vallecas,2011,4,10.295296656284199
286,Retiro,2011,4,12.701905163291901
287,Salamanca,2011,4,14.855814855692
288,San Blas,2011,4,10.5929727721711
289,Tetuan,2011,4,11.232832092790598
290,Usera,2011,4,9.76055353493019
291,Vicálvaro,2011,4,9.089261952815642
292,Villa De Vallecas,2011,4,9.47852788167531
293,Villaverde,2011,4,9.21883099150658
294,Arganzuela,2012,1,11.5646904935239
295,Barajas,2012,1,10.8401585390873
296,Carabanchel,2012,1,9.884056862383051
297,Centro,2012,1,14.8223774438239
298,Chamartín,2012,1,13.4474562802434
299,Chamberí,2012,1,13.706488967558801
300,Ciudad Lineal,2012,1,11.2890326787914
301,Fuencarral,2012,1,10.4694807642389
302,Hortaleza,2012,1,11.876798847915198
303,Latina,2012,1,9.8281368522126
304,Moncloa,2012,1,12.5051923930877
305,Moratalaz,2012,1,9.270257779110212
306,Puente De Vallecas,2012,1,10.086220065326
307,Retiro,2012,1,12.6018912977752
308,Salamanca,2012,1,14.597987636214098
309,San Blas,2012,1,10.4620204645154
310,Tetuan,2012,1,11.3617507730166
311,Usera,2012,1,9.854211784001391
312,Vicálvaro,2012,1,9.2517242117644
313,Villa De Vallecas,2012,1,9.48080421484759
314,Villaverde,2012,1,9.0794178344555
315,Arganzuela,2012,2,11.5800394355778
316,Barajas,2012,2,10.956812321552501
317,Carabanchel,2012,2,9.845499680423382
318,Centro,2012,2,14.482733005987
319,Chamartín,2012,2,13.0600978577175
320,Chamberí,2012,2,13.7252969245201
321,Ciudad Lineal,2012,2,11.207513480390402
322,Fuencarral,2012,2,10.4986739320574
323,Hortaleza,2012,2,11.378634607910001
324,Latina,2012,2,9.53806045672598
325,Moncloa,2012,2,12.3751920641433
326,Moratalaz,2012,2,9.202263256891358
327,Puente De Vallecas,2012,2,9.807305060243731
328,Retiro,2012,2,12.3638321116383
329,Salamanca,2012,2,14.212696544649699
330,San Blas,2012,2,10.388651202183
331,Tetuan,2012,2,11.255727213662698
332,Usera,2012,2,9.51626069876602
333,Vicálvaro,2012,2,8.898444920511789
334,Villa De Vallecas,2012,2,9.2293545299022
335,Villaverde,2012,2,9.240493070406039
336,Arganzuela,2012,3,11.5045891449654
337,Barajas,2012,3,10.468055565683098
338,Carabanchel,2012,3,9.60356401695737
339,Centro,2012,3,14.095542813787
340,Chamartín,2012,3,12.6963618108726
341,Chamberí,2012,3,13.9436088323438
342,Ciudad Lineal,2012,3,10.9573121932268
343,Fuencarral,2012,3,10.2977427349984
344,Hortaleza,2012,3,11.5388178344925
345,Latina,2012,3,9.58415720967577
346,Moncloa,2012,3,12.4319677961928
347,Moratalaz,2012,3,9.21019288823939
348,Puente De Vallecas,2012,3,9.628754788177071
349,Retiro,2012,3,12.167434833206801
350,Salamanca,2012,3,14.136421931700301
351,San Blas,2012,3,10.2648909311001
352,Tetuan,2012,3,11.2364397663607
353,Usera,2012,3,9.09206663803898
354,Vicálvaro,2012,3,8.96157570103528
355,Villa De Vallecas,2012,3,9.34039000849991
356,Villaverde,2012,3,8.93261339704957
357,Arganzuela,2012,4,11.2633522134569
358,Barajas,2012,4,10.3760597311235
359,Carabanchel,2012,4,9.4281733261293
360,Centro,2012,4,13.956068823060901
361,Chamartín,2012,4,12.520094220622802
362,Chamberí,2012,4,13.3301470879161
363,Ciudad Lineal,2012,4,10.889260966882901
364,Fuencarral,2012,4,10.072846974534801
365,Hortaleza,2012,4,11.3970480455694
366,Latina,2012,4,9.42874338363349
367,Moncloa,2012,4,12.292688917745302
368,Moratalaz,2012,4,8.934737369650659
369,Puente De Vallecas,2012,4,9.550431473945869
370,Retiro,2012,4,11.951317374586802
371,Salamanca,2012,4,14.308944832484901
372,San Blas,2012,4,9.7311412226694
373,Tetuan,2012,4,11.0605195777613
374,Usera,2012,4,9.228985607643471
375,Vicálvaro,2012,4,8.693941448194991
376,Villa De Vallecas,2012,4,9.16920633662819
377,Villaverde,2012,4,9.0595459838914
378,Arganzuela,2013,1,11.2357607094677
379,Barajas,2013,1,10.4066671271389
380,Carabanchel,2013,1,9.15628252189198
381,Centro,2013,1,13.7044674589368
382,Chamartín,2013,1,12.258727926749
383,Chamberí,2013,1,13.072172924370301
384,Ciudad Lineal,2013,1,10.393237928017
385,Fuencarral,2013,1,9.999511454711788
386,Hortaleza,2013,1,11.3358198230437
387,Latina,2013,1,9.03532193577828
388,Moncloa,2013,1,11.561936087068998
389,Moratalaz,2013,1,8.92897555999387
390,Puente De Vallecas,2013,1,9.164216047080881
391,Retiro,2013,1,11.431685938510402
392,Salamanca,2013,1,13.5356783233938
393,San Blas,2013,1,9.54678814048909
394,Tetuan,2013,1,10.665525434333901
395,Usera,2013,1,9.034586107986831
396,Vicálvaro,2013,1,8.57406277291481
397,Villa De Vallecas,2013,1,9.03346239789739
398,Villaverde,2013,1,8.41400496356517
399,Arganzuela,2013,2,11.0083457797019
400,Barajas,2013,2,10.2963256087653
401,Carabanchel,2013,2,9.02002835347907
402,Centro,2013,2,13.498280136351099
403,Chamartín,2013,2,12.062165543001301
404,Chamberí,2013,2,12.9942812453129
405,Ciudad Lineal,2013,2,10.2022445018551
406,Fuencarral,2013,2,10.0321486413258
407,Hortaleza,2013,2,10.887084156639302
408,Latina,2013,2,8.79643198397542
409,Moncloa,2013,2,11.7677892021141
410,Moratalaz,2013,2,8.71382288160069
411,Puente De Vallecas,2013,2,9.22174861433047
412,Retiro,2013,2,11.4195758986885
413,Salamanca,2013,2,13.527276604383099
414,San Blas,2013,2,9.34902135574314
415,Tetuan,2013,2,10.5591291676963
416,Usera,2013,2,8.99938001786019
417,Vicálvaro,2013,2,8.60658266148793
418,Villa De Vallecas,2013,2,8.822883605832091
419,Villaverde,2013,2,8.217091705832269
420,Arganzuela,2013,3,10.89
421,Barajas,2013,3,10.01
422,Carabanchel,2013,3,9.22
423,Centro,2013,3,13.49
424,Chamartín,2013,3,12.57
425,Chamberí,2013,3,12.96
426,Ciudad Lineal,2013,3,10.48
427,Fuencarral,2013,3,10.2
428,Hortaleza,2013,3,10.73
429,Latina,2013,3,8.92
430,Moncloa,2013,3,11.75
431,Moratalaz,2013,3,8.48
432,Puente De Vallecas,2013,3,9.08
433,Retiro,2013,3,11.35
434,Salamanca,2013,3,13.59
435,San Blas,2013,3,9.46
436,Tetuan,2013,3,11.27
437,Usera,2013,3,8.81
438,Vicálvaro,2013,3,8.22
439,Villa De Vallecas,2013,3,8.79
440,Villaverde,2013,3,8.0
441,Arganzuela,2013,4,10.885806976700499
442,Barajas,2013,4,10.1819608094653
443,Carabanchel,2013,4,8.811583508295929
444,Centro,2013,4,13.382205280199402
445,Chamartín,2013,4,12.27163963105
446,Chamberí,2013,4,13.003915857379301
447,Ciudad Lineal,2013,4,10.2175801848829
448,Fuencarral,2013,4,9.87960665515587
449,Hortaleza,2013,4,10.898040819791902
450,Latina,2013,4,8.45491551892365
451,Moncloa,2013,4,11.3603894250714
452,Moratalaz,2013,4,8.33049430140202
453,Puente De Vallecas,2013,4,8.64026027165763
454,Retiro,2013,4,11.5196751558057
455,Salamanca,2013,4,13.2930664878794
456,San Blas,2013,4,9.28269287897229
457,Tetuan,2013,4,11.2223607143676
458,Usera,2013,4,8.842726904760779
459,Vicálvaro,2013,4,8.18222284461504
460,Villa De Vallecas,2013,4,8.746883630883419
461,Villaverde,2013,4,7.93331780975459
462,Arganzuela,2014,1,10.9374781395966
463,Barajas,2014,1,10.00814884941
464,Carabanchel,2014,1,8.83351044694718
465,Centro,2014,1,13.5904774555863
466,Chamartín,2014,1,12.2684564576669
467,Chamberí,2014,1,13.3669247616624
468,Ciudad Lineal,2014,1,10.3064138553634
469,Fuencarral,2014,1,10.1262694023151
470,Hortaleza,2014,1,11.0093598627774
471,Latina,2014,1,9.026921486298232
472,Moncloa,2014,1,12.3507040716668
473,Moratalaz,2014,1,8.49851824978058
474,Puente De Vallecas,2014,1,8.60963457721565
475,Retiro,2014,1,11.6327626766866
476,Salamanca,2014,1,13.9659115030923
477,San Blas,2014,1,9.38414400017937
478,Tetuan,2014,1,11.2243451876198
479,Usera,2014,1,9.19397968789023
480,Vicálvaro,2014,1,7.971202115039799
481,Villa De Vallecas,2014,1,8.773028118642051
482,Villaverde,2014,1,8.090746109197768
483,Arganzuela,2014,2,10.68
484,Barajas,2014,2,9.85
485,Carabanchel,2014,2,8.27
486,Centro,2014,2,13.39
487,Chamartín,2014,2,12.26
488,Chamberí,2014,2,13.21
489,Ciudad Lineal,2014,2,10.19
490,Fuencarral,2014,2,9.95
491,Hortaleza,2014,2,10.57
492,Latina,2014,2,8.56
493,Moncloa,2014,2,12.0
494,Moratalaz,2014,2,8.37
495,Puente De Vallecas,2014,2,8.41
496,Retiro,2014,2,11.4
497,Salamanca,2014,2,13.43
498,San Blas,2014,2,9.2
499,Tetuan,2014,2,11.06
500,Usera,2014,2,8.42
501,Vicálvaro,2014,2,8.26
502,Villa De Vallecas,2014,2,8.59
503,Villaverde,2014,2,7.81
504,Arganzuela,2014,3,10.774738957455199
505,Barajas,2014,3,9.77862030001998
506,Carabanchel,2014,3,8.16135061411346
507,Centro,2014,3,13.4640041023515
508,Chamartín,2014,3,12.172735466841301
509,Chamberí,2014,3,13.232509346510598
510,Ciudad Lineal,2014,3,10.0468797303064
511,Fuencarral,2014,3,9.80088196075923
512,Hortaleza,2014,3,10.542636250720099
513,Latina,2014,3,8.661080333210469
514,Moncloa,2014,3,11.6835203112687
515,Moratalaz,2014,3,8.35690382290628
516,Puente De Vallecas,2014,3,8.28698492838285
517,Retiro,2014,3,11.6633377448659
518,Salamanca,2014,3,13.534903834295699
519,San Blas,2014,3,9.169139403971391
520,Tetuan,2014,3,11.124943500392
521,Usera,2014,3,8.39784787558856
522,Vicálvaro,2014,3,7.91069828518971
523,Villa De Vallecas,2014,3,8.5085795010639
524,Villaverde,2014,3,7.59154123593289
525,Arganzuela,2014,4,10.9834524125808
526,Barajas,2014,4,9.48864391020779
527,Carabanchel,2014,4,8.34620440033888
528,Centro,2014,4,13.6749100899222
529,Chamartín,2014,4,12.3976102199946
530,Chamberí,2014,4,13.4600501941345
531,Ciudad Lineal,2014,4,10.195528771549
532,Fuencarral,2014,4,10.228121228469801
533,Hortaleza,2014,4,10.3196636202872
534,Latina,2014,4,8.50109052612795
535,Moncloa,2014,4,11.9604153370901
536,Moratalaz,2014,4,8.51303041212471
537,Puente De Vallecas,2014,4,8.06611634254025
538,Retiro,2014,4,11.65758097465
539,Salamanca,2014,4,13.802119831802301
540,San Blas,2014,4,9.229512347742109
541,Tetuan,2014,4,11.288455314254902
542,Usera,2014,4,8.42120628066054
543,Vicálvaro,2014,4,8.309064272164461
544,Villa De Vallecas,2014,4,8.70177281697652
545,Villaverde,2014,4,7.78171844700427
546,Arganzuela,2015,1,11.1727425245243
547,Barajas,2015,1,10.0420844598726
548,Carabanchel,2015,1,8.35509954914274
549,Centro,2015,1,13.840350774142099
550,Chamartín,2015,1,12.5641646686427
551,Chamberí,2015,1,13.5771548589031
552,Ciudad Lineal,2015,1,10.4443081511704
553,Fuencarral,2015,1,10.271974563631801
554,Hortaleza,2015,1,10.693554601987099
555,Latina,2015,1,8.60871202228652
556,Moncloa,2015,1,12.0315081635429
557,Moratalaz,2015,1,8.7540684907609
558,Puente De Vallecas,2015,1,8.25279064309696
559,Retiro,2015,1,12.200846143419302
560,Salamanca,2015,1,13.7327624547983
561,San Blas,2015,1,9.42622102844482
562,Tetuan,2015,1,11.443545682371699
563,Usera,2015,1,8.66836661502099
564,Vicálvaro,2015,1,8.40312561916058
565,Villa De Vallecas,2015,1,8.629543910312691
566,Villaverde,2015,1,7.95235467525358
567,Arganzuela,2015,2,11.0914434509912
568,Barajas,2015,2,9.81159318236514
569,Carabanchel,2015,2,8.46614641328889
570,Centro,2015,2,13.7423644522679
571,Chamartín,2015,2,12.492506743325
572,Chamberí,2015,2,13.4561621440105
573,Ciudad Lineal,2015,2,10.3890479044537
574,Fuencarral,2015,2,10.244071779800699
575,Hortaleza,2015,2,10.561324329283199
576,Latina,2015,2,8.65117388505769
577,Moncloa,2015,2,12.2699625500067
578,Moratalaz,2015,2,8.573126443507
579,Puente De Vallecas,2015,2,8.50060224967436
580,Retiro,2015,2,11.8242949688219
581,Salamanca,2015,2,13.793185567869802
582,San Blas,2015,2,9.260780554538382
583,Tetuan,2015,2,11.7904881171351
584,Usera,2015,2,8.77825610871313
585,Vicálvaro,2015,2,8.220233747503789
586,Villa De Vallecas,2015,2,8.75027055012285
587,Villaverde,2015,2,7.754822675199901
588,Arganzuela,2015,3,11.938015640511301
589,Barajas,2015,3,9.86860051116251
590,Carabanchel,2015,3,8.86931660868172
591,Centro,2015,3,14.5139395530953
592,Chamartín,2015,3,12.8845869554096
593,Chamberí,2015,3,14.052332408175001
594,Ciudad Lineal,2015,3,10.70172824283
595,Fuencarral,2015,3,10.391424578368401
596,Hortaleza,2015,3,10.996108450235601
597,Latina,2015,3,8.7473460347336
598,Moncloa,2015,3,12.863586800870399
599,Moratalaz,2015,3,8.56360360542653
600,Puente De Vallecas,2015,3,8.67417738633088
601,Retiro,2015,3,12.6531302998364
602,Salamanca,2015,3,14.671618720867901
603,San Blas,2015,3,9.5884867750248
604,Tetuan,2015,3,12.466251590037999
605,Usera,2015,3,9.59157819859993
606,Vicálvaro,2015,3,8.18627976106403
607,Villa De Vallecas,2015,3,8.757604360682889
608,Villaverde,2015,3,8.32610727200041
609,Arganzuela,2015,4,12.014682836516199
610,Barajas,2015,4,9.99225524550741
611,Carabanchel,2015,4,9.23260984312775
612,Centro,2015,4,15.251219585415198
613,Chamartín,2015,4,13.168283392825801
614,Chamberí,2015,4,14.647976567069499
615,Ciudad Lineal,2015,4,11.2788077351038
616,Fuencarral,2015,4,10.6611234741001
617,Hortaleza,2015,4,11.048368405086801
618,Latina,2015,4,9.27144336584987
619,Moncloa,2015,4,12.3132282958037
620,Moratalaz,2015,4,8.43330203077937
621,Puente De Vallecas,2015,4,8.98973007592361
622,Retiro,2015,4,13.1846677725839
623,Salamanca,2015,4,15.0481230132106
624,San Blas,2015,4,9.676132502559481
625,Tetuan,2015,4,12.530451401036197
626,Usera,2015,4,9.88686508578398
627,Vicálvaro,2015,4,8.67172217767219
628,Villa De Vallecas,2015,4,8.95258278308353
629,Villaverde,2015,4,8.874405232938551
630,Arganzuela,2016,1,12.1677147315025
631,Barajas,2016,1,10.246819990861699
632,Carabanchel,2016,1,8.947122713692789
633,Centro,2016,1,15.9119540612923
634,Chamartín,2016,1,13.5688040596715
635,Chamberí,2016,1,14.7625851652157
636,Ciudad Lineal,2016,1,11.2554782626014
637,Fuencarral,2016,1,10.6508967759469
638,Hortaleza,2016,1,10.8930366081855
639,Latina,2016,1,9.41550617196208
640,Moncloa,2016,1,12.8403103973192
641,Moratalaz,2016,1,8.88921339669341
642,Puente De Vallecas,2016,1,8.97881027809778
643,Retiro,2016,1,13.5165701392935
644,Salamanca,2016,1,15.6367050627137
645,San Blas,2016,1,9.64734247845529
646,Tetuan,2016,1,12.913108594216
647,Usera,2016,1,9.73781682917016
648,Vicálvaro,2016,1,8.36439523545268
649,Villa De Vallecas,2016,1,9.187658836851462
650,Villaverde,2016,1,8.21315427455413
651,Arganzuela,2016,2,11.9834141460663
652,Barajas,2016,2,10.6240699216793
653,Carabanchel,2016,2,9.3046135369954
654,Centro,2016,2,15.970630143514098
655,Chamartín,2016,2,13.8510672310924
656,Chamberí,2016,2,15.189586230167999
657,Ciudad Lineal,2016,2,11.118605020229301
658,Fuencarral,2016,2,10.6990092792695
659,Hortaleza,2016,2,11.0853804503991
660,Latina,2016,2,9.37146272022585
661,Moncloa,2016,2,12.8319024624526
662,Moratalaz,2016,2,9.25576284909197
663,Puente De Vallecas,2016,2,9.08118129866036
664,Retiro,2016,2,13.754420741397901
665,Salamanca,2016,2,15.579893139484401
666,San Blas,2016,2,9.700848759999321
667,Tetuan,2016,2,12.789973272914699
668,Usera,2016,2,9.420552127325571
669,Vicálvaro,2016,2,9.013545661748891
670,Villa De Vallecas,2016,2,9.05103162950543
671,Villaverde,2016,2,8.18347983494349
672,Arganzuela,2016,3,13.405683896115
673,Barajas,2016,3,10.9660461687553
674,Carabanchel,2016,3,9.66079838623608
675,Centro,2016,3,16.9096751593232
676,Chamartín,2016,3,14.2706296553719
677,Chamberí,2016,3,15.8800102376416
678,Ciudad Lineal,2016,3,11.5947897628373
679,Fuencarral,2016,3,11.3299755057005
680,Hortaleza,2016,3,11.6691660267729
681,Latina,2016,3,9.90097199367841
682,Moncloa,2016,3,13.8417356956761
683,Moratalaz,2016,3,9.84540414151086
684,Puente De Vallecas,2016,3,9.475045536191312
685,Retiro,2016,3,14.5771048634449
686,Salamanca,2016,3,16.1076402587202
687,San Blas,2016,3,10.0754945160857
688,Tetuan,2016,3,13.9251557875487
689,Usera,2016,3,9.75436692097902
690,Vicálvaro,2016,3,9.788274111797909
691,Villa De Vallecas,2016,3,9.11638701201319
692,Villaverde,2016,3,8.41611772112573
693,Arganzuela,2016,4,13.470217923839801
694,Barajas,2016,4,10.575034767425999
695,Carabanchel,2016,4,10.4333867412095
696,Centro,2016,4,17.6937301576477
697,Chamartín,2016,4,14.0895183818914
698,Chamberí,2016,4,17.3226466672662
699,Ciudad Lineal,2016,4,12.226214890118001
700,Fuencarral,2016,4,11.418752575873699
701,Hortaleza,2016,4,11.6048160686995
702,Latina,2016,4,10.410078529653198
703,Moncloa,2016,4,14.400397082467698
704,Moratalaz,2016,4,9.71802944682013
705,Puente De Vallecas,2016,4,10.216512446055301
706,Retiro,2016,4,14.2146918851919
707,Salamanca,2016,4,16.710864547992802
708,San Blas,2016,4,10.6190527393604
709,Tetuan,2016,4,14.991522691272301
710,Usera,2016,4,9.75368321243057
711,Vicálvaro,2016,4,9.10510665286665
712,Villa De Vallecas,2016,4,9.68407269137156
713,Villaverde,2016,4,8.922983421209619
714,Arganzuela,2017,1,14.130487974496601
715,Barajas,2017,1,11.5881628905248
716,Carabanchel,2017,1,10.6083624211259
717,Centro,2017,1,18.6058727971145
718,Chamartín,2017,1,15.0794295303143
719,Chamberí,2017,1,16.674729816235303
720,Ciudad Lineal,2017,1,12.1166410440692
721,Fuencarral,2017,1,11.5085081401018
722,Hortaleza,2017,1,11.8875512919782
723,Latina,2017,1,10.8993239662858
724,Moncloa,2017,1,15.094466027500902
725,Moratalaz,2017,1,10.229891491217
726,Puente De Vallecas,2017,1,10.155772005994
727,Retiro,2017,1,14.9074576930175
728,Salamanca,2017,1,17.343829573336002
729,San Blas,2017,1,10.7743314042504
730,Tetuan,2017,1,14.5287771250241
731,Usera,2017,1,9.83272769063173
732,Vicálvaro,2017,1,9.21045785105648
733,Villa De Vallecas,2017,1,9.6016104849714
734,Villaverde,2017,1,9.49456180469741
735,Arganzuela,2017,2,14.1461395293543
736,Barajas,2017,2,12.0411807397153
737,Carabanchel,2017,2,10.032634948405802
738,Centro,2017,2,17.902895772584102
739,Chamartín,2017,2,15.5226718705453
740,Chamberí,2017,2,16.4797442858324
741,Ciudad Lineal,2017,2,12.306637265751
742,Fuencarral,2017,2,11.583597149683001
743,Hortaleza,2017,2,11.923358386777801
744,Latina,2017,2,10.2417386950058
745,Moncloa,2017,2,14.0194284318785
746,Moratalaz,2017,2,10.153308339700802
747,Puente De Vallecas,2017,2,9.980469253271698
748,Retiro,2017,2,14.327925954898
749,Salamanca,2017,2,17.2948873602478
750,San Blas,2017,2,11.3285559913587
751,Tetuan,2017,2,14.1524545666617
752,Usera,2017,2,10.1416126740229
753,Vicálvaro,2017,2,9.94585677345515
754,Villa De Vallecas,2017,2,9.41362430371294
755,Villaverde,2017,2,9.53761452895584
756,Arganzuela,2017,3,14.6640945898677
757,Barajas,2017,3,11.583900343361199
758,Carabanchel,2017,3,10.747140446249
759,Centro,2017,3,18.4374071400782
760,Chamartín,2017,3,16.0170439904211
761,Chamberí,2017,3,17.023647020640098
762,Ciudad Lineal,2017,3,12.7328685606705
763,Fuencarral,2017,3,11.8841570385969
764,Hortaleza,2017,3,12.810477859440999
765,Latina,2017,3,10.818992658220699
766,Moncloa,2017,3,14.8299541257834
767,Moratalaz,2017,3,10.8271760742261
768,Puente De Vallecas,2017,3,10.6480662487741
769,Retiro,2017,3,14.9601838862943
770,Salamanca,2017,3,18.0084175940079
771,San Blas,2017,3,11.465288903958301
772,Tetuan,2017,3,14.949864502005699
773,Usera,2017,3,10.8177504772889
774,Vicálvaro,2017,3,10.0968005290435
775,Villa De Vallecas,2017,3,9.726398965625961
776,Villaverde,2017,3,9.980974501825381
777,Arganzuela,2017,4,14.623137768015198
778,Barajas,2017,4,12.2035807060496
779,Carabanchel,2017,4,11.4190769701916
780,Centro,2017,4,19.0193637374261
781,Chamartín,2017,4,15.9172848882107
782,Chamberí,2017,4,17.0782235059751
783,Ciudad Lineal,2017,4,12.8657996766486
784,Fuencarral,2017,4,12.0030015637339
785,Hortaleza,2017,4,13.139082633215402
786,Latina,2017,4,11.319280726789698
787,Moncloa,2017,4,14.804961551221002
788,Moratalaz,2017,4,10.9407775077774
789,Puente De Vallecas,2017,4,11.2865758864588
790,Retiro,2017,4,15.918052457869198
791,Salamanca,2017,4,18.4774395562228
792,San Blas,2017,4,11.363283025625
793,Tetuan,2017,4,15.3323262882527
794,Usera,2017,4,11.286560009130099
795,Vicálvaro,2017,4,9.677710528656501
796,Villa De Vallecas,2017,4,9.871865907297009
797,Villaverde,2017,4,10.2964146531795
798,Arganzuela,2018,1,14.851931620922699
799,Barajas,2018,1,12.7487701213915
800,Carabanchel,2018,1,11.657142572758401
801,Centro,2018,1,19.308606815183698
802,Chamartín,2018,1,16.2788212916294
803,Chamberí,2018,1,17.598352095731197
804,Ciudad Lineal,2018,1,13.0337129551821
805,Fuencarral,2018,1,12.043343800440303
806,Hortaleza,2018,1,13.262981955088401
807,Latina,2018,1,11.2326231994488
808,Moncloa,2018,1,14.525769110670801
809,Moratalaz,2018,1,10.9924737705548
810,Puente De Vallecas,2018,1,11.555795749681199
811,Retiro,2018,1,15.6535642632778
812,Salamanca,2018,1,18.676028377961302
813,San Blas,2018,1,11.5597418531391
814,Tetuan,2018,1,15.070235995348598
815,Usera,2018,1,11.338361244085
816,Vicálvaro,2018,1,10.106830515556199
817,Villa De Vallecas,2018,1,10.367151557432999
818,Villaverde,2018,1,10.2306378473688
819,Arganzuela,2018,2,14.5960795344618
820,Barajas,2018,2,12.3488240953199
821,Carabanchel,2018,2,11.613533068893599
822,Centro,2018,2,18.8126388943286
823,Chamartín,2018,2,16.6065058351281
824,Chamberí,2018,2,17.7497685149743
825,Ciudad Lineal,2018,2,13.0612300540625
826,Fuencarral,2018,2,12.120646625819099
827,Hortaleza,2018,2,13.429744919631698
828,Latina,2018,2,11.479018712363601
829,Moncloa,2018,2,15.1891763368615
830,Moratalaz,2018,2,10.769478278323
831,Puente De Vallecas,2018,2,11.875100160387099
832,Retiro,2018,2,15.7678607071339
833,Salamanca,2018,2,19.089243028675302
834,San Blas,2018,2,11.808423798401199
835,Tetuan,2018,2,15.1145580123034
836,Usera,2018,2,11.5334578025335
837,Vicálvaro,2018,2,9.962139364586891
838,Villa De Vallecas,2018,2,10.915967237532001
839,Villaverde,2018,2,10.427526649093
